transaction_id,product_id,quantity,price,timestamp
1,101,4,59.2,2023-01-01 00:05:00
2,104,5,58.04,2023-01-01 00:10:00
3,103,2,27.54,2023-01-01 00:15:00
4,102,5,25.63,2023-01-01 00:20:00
5,101,2,54.88,2023-01-01 00:25:00
6,103,4,34.29,2023-01-01 00:30:00
7,104,1,94.22,2023-01-01 00:35:00
8,101,3,42.84,2023-01-01 00:40:00
9,102,4,68.15,2023-01-01 00:45:00
10,103,4,83.09,2023-01-01 00:50:00
11,101,5,33.67,2023-01-01 00:55:00
12,103,3,12.94,2023-01-01 01:00:00
13,105,4,64.95,2023-01-01 01:05:00
14,105,1,75.3,2023-01-01 01:10:00
15,102,1,53.8,2023-01-01 01:15:00
16,103,1,78.02,2023-01-01 01:20:00
17,102,5,11.07,2023-01-01 01:25:00
18,101,5,58.84,2023-01-01 01:30:00
19,105,1,35.88,2023-01-01 01:35:00
20,102,4,49.02,2023-01-01 01:40:00
21,101,5,35.6,2023-01-01 01:45:00
22,102,1,22.49,2023-01-01 01:50:00
23,103,4,96.07,2023-01-01 01:55:00
24,102,3,78.77,2023-01-01 02:00:00
25,103,5,32.39,2023-01-01 02:05:00
26,105,4,19.69,2023-01-01 02:10:00
27,103,1,81.31,2023-01-01 02:15:00
28,101,3,19.01,2023-01-01 02:20:00
29,103,3,11.97,2023-01-01 02:25:00
30,105,5,73.37,2023-01-01 02:30:00
31,104,2,61.32,2023-01-01 02:35:00
32,103,4,42.35,2023-01-01 02:40:00
33,103,3,46.19,2023-01-01 02:45:00
34,104,5,78.66,2023-01-01 02:50:00
35,104,3,40.64,2023-01-01 02:55:00
36,104,3,77.9,2023-01-01 03:00:00
37,105,2,90.11,2023-01-01 03:05:00
38,101,2,23.84,2023-01-01 03:10:00
39,101,1,44.19,2023-01-01 03:15:00
40,104,4,22.59,2023-01-01 03:20:00
41,104,5,57.07,2023-01-01 03:25:00
42,105,2,48.88,2023-01-01 03:30:00
43,103,1,41.97,2023-01-01 03:35:00
44,104,4,60.48,2023-01-01 03:40:00
45,102,2,36.09,2023-01-01 03:45:00
46,101,3,86.81,2023-01-01 03:50:00
47,101,2,15.8,2023-01-01 03:55:00
48,102,1,79.15,2023-01-01 04:00:00
49,104,1,12.84,2023-01-01 04:05:00
50,103,1,82.99,2023-01-01 04:10:00
51,103,3,42.03,2023-01-01 04:15:00
52,103,4,40.52,2023-01-01 04:20:00
53,103,2,47.81,2023-01-01 04:25:00
54,101,4,43.09,2023-01-01 04:30:00
55,102,2,51.92,2023-01-01 04:35:00
56,101,2,27.16,2023-01-01 04:40:00
57,101,1,16.25,2023-01-01 04:45:00
58,105,3,19.72,2023-01-01 04:50:00
59,104,4,98.49,2023-01-01 04:55:00
60,104,2,66.48,2023-01-01 05:00:00
61,101,5,56.54,2023-01-01 05:05:00
62,101,4,62.2,2023-01-01 05:10:00
63,104,3,11.55,2023-01-01 05:15:00
64,105,5,92.32,2023-01-01 05:20:00
65,103,1,90.77,2023-01-01 05:25:00
66,105,1,33.2,2023-01-01 05:30:00
67,105,3,23.08,2023-01-01 05:35:00
68,104,1,80.81,2023-01-01 05:40:00
69,101,4,25.75,2023-01-01 05:45:00
70,105,4,16.89,2023-01-01 05:50:00
71,104,4,66.6,2023-01-01 05:55:00
72,105,5,77.72,2023-01-01 06:00:00
73,101,2,43.57,2023-01-01 06:05:00
74,104,2,65.69,2023-01-01 06:10:00
75,102,1,54.92,2023-01-01 06:15:00
76,101,3,16.35,2023-01-01 06:20:00
77,103,3,44.1,2023-01-01 06:25:00
78,104,4,58.07,2023-01-01 06:30:00
79,103,5,76.83,2023-01-01 06:35:00
80,102,2,40.85,2023-01-01 06:40:00
81,104,2,64.4,2023-01-01 06:45:00
82,103,3,34.16,2023-01-01 06:50:00
83,103,1,38.67,2023-01-01 06:55:00
84,105,1,67.96,2023-01-01 07:00:00
85,102,3,30.95,2023-01-01 07:05:00
86,104,2,39.25,2023-01-01 07:10:00
87,102,5,37.54,2023-01-01 07:15:00
88,104,2,35.45,2023-01-01 07:20:00
89,105,3,14.01,2023-01-01 07:25:00
90,103,1,36.43,2023-01-01 07:30:00
91,105,2,48.35,2023-01-01 07:35:00
92,105,5,88.95,2023-01-01 07:40:00
93,102,3,52.79,2023-01-01 07:45:00
94,103,2,13.75,2023-01-01 07:50:00
95,101,4,96.01,2023-01-01 07:55:00
96,101,3,79.36,2023-01-01 08:00:00
97,101,3,74.59,2023-01-01 08:05:00
98,103,5,33.58,2023-01-01 08:10:00
99,103,2,33.29,2023-01-01 08:15:00
100,102,2,66.49,2023-01-01 08:20:00
101,102,4,98.62,2023-01-01 08:25:00
102,102,4,53.53,2023-01-01 08:30:00
103,105,5,75.21,2023-01-01 08:35:00
104,102,3,27.13,2023-01-01 08:40:00
105,105,3,23.69,2023-01-01 08:45:00
106,101,4,58.96,2023-01-01 08:50:00
107,105,5,93.27,2023-01-01 08:55:00
108,104,3,81.6,2023-01-01 09:00:00
109,103,4,79.42,2023-01-01 09:05:00
110,104,3,55.75,2023-01-01 09:10:00
111,103,3,67.82,2023-01-01 09:15:00
112,101,4,51.8,2023-01-01 09:20:00
113,104,2,88.48,2023-01-01 09:25:00
114,105,1,61.65,2023-01-01 09:30:00
115,104,4,14.77,2023-01-01 09:35:00
116,101,2,84.18,2023-01-01 09:40:00
117,103,5,97.0,2023-01-01 09:45:00
118,101,3,24.66,2023-01-01 09:50:00
119,103,5,15.88,2023-01-01 09:55:00
120,101,2,42.0,2023-01-01 10:00:00
121,102,5,75.54,2023-01-01 10:05:00
122,104,1,24.54,2023-01-01 10:10:00
123,105,5,76.33,2023-01-01 10:15:00
124,103,4,47.71,2023-01-01 10:20:00
125,104,3,64.21,2023-01-01 10:25:00
126,103,2,97.34,2023-01-01 10:30:00
127,104,5,35.62,2023-01-01 10:35:00
128,102,1,80.78,2023-01-01 10:40:00
129,105,1,73.41,2023-01-01 10:45:00
130,104,2,25.53,2023-01-01 10:50:00
131,105,2,63.26,2023-01-01 10:55:00
132,105,4,72.9,2023-01-01 11:00:00
133,103,2,38.17,2023-01-01 11:05:00
134,103,4,38.13,2023-01-01 11:10:00
135,105,5,87.45,2023-01-01 11:15:00
136,102,1,14.3,2023-01-01 11:20:00
137,103,2,69.91,2023-01-01 11:25:00
138,104,1,63.92,2023-01-01 11:30:00
139,105,4,72.1,2023-01-01 11:35:00
140,103,2,76.64,2023-01-01 11:40:00
141,103,5,44.65,2023-01-01 11:45:00
142,102,2,13.07,2023-01-01 11:50:00
143,104,3,51.94,2023-01-01 11:55:00
144,103,1,13.71,2023-01-01 12:00:00
145,102,5,79.81,2023-01-01 12:05:00
146,105,4,83.8,2023-01-01 12:10:00
147,104,3,65.06,2023-01-01 12:15:00
148,104,1,61.8,2023-01-01 12:20:00
149,101,3,57.07,2023-01-01 12:25:00
150,105,5,38.35,2023-01-01 12:30:00
151,103,4,29.43,2023-01-01 12:35:00
152,104,3,56.18,2023-01-01 12:40:00
153,102,1,76.45,2023-01-01 12:45:00
154,101,5,29.72,2023-01-01 12:50:00
155,102,5,16.75,2023-01-01 12:55:00
156,102,2,89.08,2023-01-01 13:00:00
157,103,1,49.8,2023-01-01 13:05:00
158,101,2,64.08,2023-01-01 13:10:00
159,102,1,28.64,2023-01-01 13:15:00
160,103,1,16.17,2023-01-01 13:20:00
161,105,1,31.94,2023-01-01 13:25:00
162,101,3,61.24,2023-01-01 13:30:00
163,103,2,11.53,2023-01-01 13:35:00
164,104,1,66.16,2023-01-01 13:40:00
165,103,5,37.4,2023-01-01 13:45:00
166,103,2,55.37,2023-01-01 13:50:00
167,101,2,36.07,2023-01-01 13:55:00
168,101,1,19.54,2023-01-01 14:00:00
169,104,1,20.46,2023-01-01 14:05:00
170,101,2,75.74,2023-01-01 14:10:00
171,101,2,57.98,2023-01-01 14:15:00
172,103,3,89.25,2023-01-01 14:20:00
173,101,5,44.06,2023-01-01 14:25:00
174,102,4,37.3,2023-01-01 14:30:00
175,105,4,83.88,2023-01-01 14:35:00
176,105,4,10.18,2023-01-01 14:40:00
177,103,2,75.82,2023-01-01 14:45:00
178,101,5,45.11,2023-01-01 14:50:00
179,102,3,95.24,2023-01-01 14:55:00
180,105,3,16.93,2023-01-01 15:00:00
181,103,5,54.33,2023-01-01 15:05:00
182,101,2,24.45,2023-01-01 15:10:00
183,102,5,19.38,2023-01-01 15:15:00
184,103,3,98.71,2023-01-01 15:20:00
185,102,2,90.93,2023-01-01 15:25:00
186,105,2,11.79,2023-01-01 15:30:00
187,104,2,51.09,2023-01-01 15:35:00
188,103,5,37.11,2023-01-01 15:40:00
189,102,5,60.95,2023-01-01 15:45:00
190,101,1,52.04,2023-01-01 15:50:00
191,101,5,30.65,2023-01-01 15:55:00
192,104,1,18.92,2023-01-01 16:00:00
193,102,2,69.83,2023-01-01 16:05:00
194,105,3,31.65,2023-01-01 16:10:00
195,101,1,88.11,2023-01-01 16:15:00
196,101,1,96.46,2023-01-01 16:20:00
197,103,1,34.38,2023-01-01 16:25:00
198,105,5,72.6,2023-01-01 16:30:00
199,102,4,13.47,2023-01-01 16:35:00
200,102,1,21.05,2023-01-01 16:40:00
201,102,1,60.81,2023-01-01 16:45:00
202,105,5,45.35,2023-01-01 16:50:00
203,105,1,75.91,2023-01-01 16:55:00
204,104,5,13.94,2023-01-01 17:00:00
205,103,3,40.91,2023-01-01 17:05:00
206,105,5,21.32,2023-01-01 17:10:00
207,104,1,79.75,2023-01-01 17:15:00
208,102,3,57.0,2023-01-01 17:20:00
209,101,3,51.59,2023-01-01 17:25:00
210,101,1,55.29,2023-01-01 17:30:00
211,104,4,41.75,2023-01-01 17:35:00
212,102,1,72.35,2023-01-01 17:40:00
213,105,1,34.16,2023-01-01 17:45:00
214,103,5,34.62,2023-01-01 17:50:00
215,101,3,23.04,2023-01-01 17:55:00
216,102,1,13.94,2023-01-01 18:00:00
217,101,4,29.27,2023-01-01 18:05:00
218,104,1,25.28,2023-01-01 18:10:00
219,101,2,83.15,2023-01-01 18:15:00
220,104,1,35.94,2023-01-01 18:20:00
221,101,5,57.05,2023-01-01 18:25:00
222,103,1,83.57,2023-01-01 18:30:00
223,103,4,21.13,2023-01-01 18:35:00
224,104,4,44.68,2023-01-01 18:40:00
225,102,3,67.28,2023-01-01 18:45:00
226,103,1,96.03,2023-01-01 18:50:00
227,101,3,68.93,2023-01-01 18:55:00
228,102,1,76.72,2023-01-01 19:00:00
229,103,1,12.12,2023-01-01 19:05:00
230,105,2,64.83,2023-01-01 19:10:00
231,105,5,70.71,2023-01-01 19:15:00
232,102,4,37.9,2023-01-01 19:20:00
233,103,3,37.91,2023-01-01 19:25:00
234,104,1,22.23,2023-01-01 19:30:00
235,104,4,51.75,2023-01-01 19:35:00
236,101,1,68.48,2023-01-01 19:40:00
237,102,1,68.79,2023-01-01 19:45:00
238,105,4,58.19,2023-01-01 19:50:00
239,103,4,66.64,2023-01-01 19:55:00
240,104,3,87.52,2023-01-01 20:00:00
241,101,1,37.16,2023-01-01 20:05:00
242,104,4,80.9,2023-01-01 20:10:00
243,104,5,96.4,2023-01-01 20:15:00
244,103,1,58.0,2023-01-01 20:20:00
245,103,1,38.24,2023-01-01 20:25:00
246,103,3,11.63,2023-01-01 20:30:00
247,105,1,79.74,2023-01-01 20:35:00
248,102,1,92.45,2023-01-01 20:40:00
249,104,2,53.29,2023-01-01 20:45:00
250,104,5,10.19,2023-01-01 20:50:00
251,104,4,13.7,2023-01-01 20:55:00
252,104,2,62.17,2023-01-01 21:00:00
253,102,5,23.06,2023-01-01 21:05:00
254,101,2,27.85,2023-01-01 21:10:00
255,105,5,62.54,2023-01-01 21:15:00
256,103,5,68.43,2023-01-01 21:20:00
257,104,3,31.33,2023-01-01 21:25:00
258,101,2,33.19,2023-01-01 21:30:00
259,103,4,23.66,2023-01-01 21:35:00
260,101,2,79.94,2023-01-01 21:40:00
261,102,1,56.14,2023-01-01 21:45:00
262,104,1,39.37,2023-01-01 21:50:00
263,103,4,51.78,2023-01-01 21:55:00
264,102,4,19.79,2023-01-01 22:00:00
265,102,2,17.66,2023-01-01 22:05:00
266,101,5,92.56,2023-01-01 22:10:00
267,101,5,63.22,2023-01-01 22:15:00
268,101,3,54.83,2023-01-01 22:20:00
269,104,3,52.39,2023-01-01 22:25:00
270,103,4,62.56,2023-01-01 22:30:00
271,105,4,19.51,2023-01-01 22:35:00
272,101,1,45.25,2023-01-01 22:40:00
273,104,3,81.4,2023-01-01 22:45:00
274,105,2,10.41,2023-01-01 22:50:00
275,104,2,95.46,2023-01-01 22:55:00
276,105,1,54.89,2023-01-01 23:00:00
277,104,4,41.73,2023-01-01 23:05:00
278,105,5,83.16,2023-01-01 23:10:00
279,101,5,24.3,2023-01-01 23:15:00
280,104,3,25.83,2023-01-01 23:20:00
281,104,2,42.06,2023-01-01 23:25:00
282,101,3,11.56,2023-01-01 23:30:00
283,102,2,63.33,2023-01-01 23:35:00
284,103,5,67.03,2023-01-01 23:40:00
285,104,1,16.87,2023-01-01 23:45:00
286,104,3,44.19,2023-01-01 23:50:00
287,104,4,33.36,2023-01-01 23:55:00
288,104,2,73.06,2023-01-02 00:00:00
289,103,1,43.28,2023-01-02 00:05:00
290,101,2,69.84,2023-01-02 00:10:00
291,103,3,45.18,2023-01-02 00:15:00
292,102,3,35.62,2023-01-02 00:20:00
293,101,5,66.75,2023-01-02 00:25:00
294,102,5,95.39,2023-01-02 00:30:00
295,104,4,64.48,2023-01-02 00:35:00
296,105,2,45.46,2023-01-02 00:40:00
297,105,5,15.14,2023-01-02 00:45:00
298,105,4,28.75,2023-01-02 00:50:00
299,102,2,13.52,2023-01-02 00:55:00
300,104,1,67.05,2023-01-02 01:00:00
301,105,3,47.34,2023-01-02 01:05:00
302,103,5,56.73,2023-01-02 01:10:00
303,104,3,13.85,2023-01-02 01:15:00
304,104,3,99.19,2023-01-02 01:20:00
305,104,1,74.81,2023-01-02 01:25:00
306,104,5,45.76,2023-01-02 01:30:00
307,105,3,38.21,2023-01-02 01:35:00
308,101,2,92.97,2023-01-02 01:40:00
309,104,5,40.95,2023-01-02 01:45:00
310,104,5,68.3,2023-01-02 01:50:00
311,102,2,54.93,2023-01-02 01:55:00
312,103,5,47.77,2023-01-02 02:00:00
313,101,2,58.6,2023-01-02 02:05:00
314,104,2,54.61,2023-01-02 02:10:00
315,101,1,92.95,2023-01-02 02:15:00
316,105,4,20.22,2023-01-02 02:20:00
317,105,2,72.91,2023-01-02 02:25:00
318,105,5,66.49,2023-01-02 02:30:00
319,105,1,65.35,2023-01-02 02:35:00
320,105,1,66.07,2023-01-02 02:40:00
321,104,2,21.77,2023-01-02 02:45:00
322,102,1,38.32,2023-01-02 02:50:00
323,104,4,60.49,2023-01-02 02:55:00
324,103,1,94.24,2023-01-02 03:00:00
325,105,5,27.2,2023-01-02 03:05:00
326,103,5,66.78,2023-01-02 03:10:00
327,101,4,18.79,2023-01-02 03:15:00
328,101,5,44.92,2023-01-02 03:20:00
329,101,5,89.82,2023-01-02 03:25:00
330,103,3,32.81,2023-01-02 03:30:00
331,105,5,88.68,2023-01-02 03:35:00
332,102,2,78.47,2023-01-02 03:40:00
333,103,3,62.57,2023-01-02 03:45:00
334,103,4,88.91,2023-01-02 03:50:00
335,102,3,43.85,2023-01-02 03:55:00
336,104,3,87.03,2023-01-02 04:00:00
337,101,1,12.55,2023-01-02 04:05:00
338,101,4,18.88,2023-01-02 04:10:00
339,105,1,91.02,2023-01-02 04:15:00
340,104,5,22.34,2023-01-02 04:20:00
341,101,4,76.06,2023-01-02 04:25:00
342,102,4,60.09,2023-01-02 04:30:00
343,101,2,33.29,2023-01-02 04:35:00
344,102,1,68.84,2023-01-02 04:40:00
345,105,4,87.93,2023-01-02 04:45:00
346,102,1,82.24,2023-01-02 04:50:00
347,105,2,59.92,2023-01-02 04:55:00
348,105,3,10.15,2023-01-02 05:00:00
349,105,3,23.56,2023-01-02 05:05:00
350,103,3,22.78,2023-01-02 05:10:00
351,102,3,50.57,2023-01-02 05:15:00
352,104,4,20.64,2023-01-02 05:20:00
353,101,3,61.77,2023-01-02 05:25:00
354,104,2,75.17,2023-01-02 05:30:00
355,105,3,44.73,2023-01-02 05:35:00
356,103,5,63.28,2023-01-02 05:40:00
357,105,1,17.91,2023-01-02 05:45:00
358,101,3,40.82,2023-01-02 05:50:00
359,102,3,45.26,2023-01-02 05:55:00
360,101,5,53.92,2023-01-02 06:00:00
361,105,1,46.0,2023-01-02 06:05:00
362,101,3,39.06,2023-01-02 06:10:00
363,103,3,48.93,2023-01-02 06:15:00
364,101,2,45.87,2023-01-02 06:20:00
365,104,2,78.11,2023-01-02 06:25:00
366,105,1,94.97,2023-01-02 06:30:00
367,103,2,89.73,2023-01-02 06:35:00
368,101,1,62.46,2023-01-02 06:40:00
369,104,3,36.01,2023-01-02 06:45:00
370,101,1,48.92,2023-01-02 06:50:00
371,103,4,61.72,2023-01-02 06:55:00
372,101,2,41.28,2023-01-02 07:00:00
373,104,4,51.06,2023-01-02 07:05:00
374,102,4,96.61,2023-01-02 07:10:00
375,101,3,37.88,2023-01-02 07:15:00
376,102,3,96.03,2023-01-02 07:20:00
377,101,4,77.83,2023-01-02 07:25:00
378,103,4,70.93,2023-01-02 07:30:00
379,102,5,16.3,2023-01-02 07:35:00
380,102,1,89.73,2023-01-02 07:40:00
381,103,3,37.94,2023-01-02 07:45:00
382,102,4,10.57,2023-01-02 07:50:00
383,101,5,17.85,2023-01-02 07:55:00
384,101,4,47.15,2023-01-02 08:00:00
385,105,1,52.11,2023-01-02 08:05:00
386,102,1,11.13,2023-01-02 08:10:00
387,105,5,36.6,2023-01-02 08:15:00
388,104,4,61.34,2023-01-02 08:20:00
389,103,5,53.47,2023-01-02 08:25:00
390,102,4,62.29,2023-01-02 08:30:00
391,103,4,98.9,2023-01-02 08:35:00
392,101,3,86.16,2023-01-02 08:40:00
393,105,3,33.75,2023-01-02 08:45:00
394,103,5,24.44,2023-01-02 08:50:00
395,104,1,25.12,2023-01-02 08:55:00
396,102,2,42.85,2023-01-02 09:00:00
397,104,4,94.2,2023-01-02 09:05:00
398,102,3,76.8,2023-01-02 09:10:00
399,101,4,21.38,2023-01-02 09:15:00
400,102,2,97.27,2023-01-02 09:20:00
401,103,4,94.08,2023-01-02 09:25:00
402,104,1,13.44,2023-01-02 09:30:00
403,103,5,84.28,2023-01-02 09:35:00
404,102,4,60.7,2023-01-02 09:40:00
405,105,5,66.78,2023-01-02 09:45:00
406,102,3,65.92,2023-01-02 09:50:00
407,103,5,81.15,2023-01-02 09:55:00
408,103,2,83.69,2023-01-02 10:00:00
409,105,5,80.09,2023-01-02 10:05:00
410,104,2,18.23,2023-01-02 10:10:00
411,102,1,53.87,2023-01-02 10:15:00
412,102,3,12.45,2023-01-02 10:20:00
413,103,3,47.51,2023-01-02 10:25:00
414,105,4,47.56,2023-01-02 10:30:00
415,101,2,57.53,2023-01-02 10:35:00
416,103,4,25.24,2023-01-02 10:40:00
417,101,1,56.35,2023-01-02 10:45:00
418,103,5,85.9,2023-01-02 10:50:00
419,103,5,33.35,2023-01-02 10:55:00
420,102,2,45.38,2023-01-02 11:00:00
421,101,2,71.59,2023-01-02 11:05:00
422,103,3,10.65,2023-01-02 11:10:00
423,103,2,44.89,2023-01-02 11:15:00
424,103,5,47.59,2023-01-02 11:20:00
425,104,4,44.14,2023-01-02 11:25:00
426,103,2,16.85,2023-01-02 11:30:00
427,103,2,36.88,2023-01-02 11:35:00
428,103,1,36.3,2023-01-02 11:40:00
429,103,3,74.6,2023-01-02 11:45:00
430,102,2,25.74,2023-01-02 11:50:00
431,102,5,53.49,2023-01-02 11:55:00
432,102,5,99.25,2023-01-02 12:00:00
433,105,1,87.32,2023-01-02 12:05:00
434,104,5,10.52,2023-01-02 12:10:00
435,103,2,84.33,2023-01-02 12:15:00
436,101,3,69.39,2023-01-02 12:20:00
437,105,2,57.92,2023-01-02 12:25:00
438,101,4,44.76,2023-01-02 12:30:00
439,102,4,22.37,2023-01-02 12:35:00
440,103,5,26.88,2023-01-02 12:40:00
441,102,5,48.9,2023-01-02 12:45:00
442,105,3,78.4,2023-01-02 12:50:00
443,103,3,89.06,2023-01-02 12:55:00
444,101,2,80.49,2023-01-02 13:00:00
445,105,2,40.42,2023-01-02 13:05:00
446,101,3,11.78,2023-01-02 13:10:00
447,105,4,17.22,2023-01-02 13:15:00
448,103,1,54.83,2023-01-02 13:20:00
449,102,2,26.14,2023-01-02 13:25:00
450,103,3,31.55,2023-01-02 13:30:00
451,104,5,23.42,2023-01-02 13:35:00
452,101,1,99.74,2023-01-02 13:40:00
453,105,3,25.96,2023-01-02 13:45:00
454,103,3,64.81,2023-01-02 13:50:00
455,102,3,30.38,2023-01-02 13:55:00
456,103,3,60.54,2023-01-02 14:00:00
457,103,4,44.54,2023-01-02 14:05:00
458,103,3,12.16,2023-01-02 14:10:00
459,103,2,23.59,2023-01-02 14:15:00
460,105,2,97.76,2023-01-02 14:20:00
461,103,4,53.23,2023-01-02 14:25:00
462,102,2,55.26,2023-01-02 14:30:00
463,102,2,40.88,2023-01-02 14:35:00
464,102,3,59.89,2023-01-02 14:40:00
465,105,5,61.03,2023-01-02 14:45:00
466,101,4,67.96,2023-01-02 14:50:00
467,104,5,67.66,2023-01-02 14:55:00
468,101,2,98.65,2023-01-02 15:00:00
469,103,1,83.19,2023-01-02 15:05:00
470,101,3,60.18,2023-01-02 15:10:00
471,101,5,32.92,2023-01-02 15:15:00
472,102,5,36.08,2023-01-02 15:20:00
473,101,5,28.26,2023-01-02 15:25:00
474,102,1,15.38,2023-01-02 15:30:00
475,102,5,62.4,2023-01-02 15:35:00
476,101,2,32.23,2023-01-02 15:40:00
477,103,5,16.07,2023-01-02 15:45:00
478,105,1,43.1,2023-01-02 15:50:00
479,105,1,69.27,2023-01-02 15:55:00
480,102,5,83.51,2023-01-02 16:00:00
481,105,3,21.49,2023-01-02 16:05:00
482,102,1,58.28,2023-01-02 16:10:00
483,105,2,88.91,2023-01-02 16:15:00
484,102,4,19.08,2023-01-02 16:20:00
485,101,5,46.66,2023-01-02 16:25:00
486,102,4,17.96,2023-01-02 16:30:00
487,101,5,52.43,2023-01-02 16:35:00
488,105,1,67.52,2023-01-02 16:40:00
489,105,2,58.5,2023-01-02 16:45:00
490,104,3,72.08,2023-01-02 16:50:00
491,101,3,91.07,2023-01-02 16:55:00
492,105,5,91.34,2023-01-02 17:00:00
493,103,5,61.96,2023-01-02 17:05:00
494,104,1,55.83,2023-01-02 17:10:00
495,105,2,62.52,2023-01-02 17:15:00
496,104,3,30.0,2023-01-02 17:20:00
497,101,3,73.53,2023-01-02 17:25:00
498,101,3,20.52,2023-01-02 17:30:00
499,104,1,63.14,2023-01-02 17:35:00
500,104,1,63.64,2023-01-02 17:40:00
501,105,2,15.99,2023-01-02 17:45:00
502,104,4,67.49,2023-01-02 17:50:00
503,101,5,22.79,2023-01-02 17:55:00
504,103,5,80.46,2023-01-02 18:00:00
505,104,2,92.11,2023-01-02 18:05:00
506,105,3,87.7,2023-01-02 18:10:00
507,103,5,24.64,2023-01-02 18:15:00
508,105,3,86.84,2023-01-02 18:20:00
509,102,1,61.6,2023-01-02 18:25:00
510,102,5,55.39,2023-01-02 18:30:00
511,102,3,80.29,2023-01-02 18:35:00
512,102,3,77.66,2023-01-02 18:40:00
513,102,1,61.87,2023-01-02 18:45:00
514,102,1,51.53,2023-01-02 18:50:00
515,105,2,35.16,2023-01-02 18:55:00
516,103,5,28.37,2023-01-02 19:00:00
517,102,4,78.01,2023-01-02 19:05:00
518,104,1,44.58,2023-01-02 19:10:00
519,102,1,15.7,2023-01-02 19:15:00
520,104,2,62.79,2023-01-02 19:20:00
521,105,2,23.99,2023-01-02 19:25:00
522,101,4,23.75,2023-01-02 19:30:00
523,103,5,35.18,2023-01-02 19:35:00
524,104,1,61.81,2023-01-02 19:40:00
525,101,4,52.29,2023-01-02 19:45:00
526,101,3,16.1,2023-01-02 19:50:00
527,101,4,73.41,2023-01-02 19:55:00
528,104,2,34.98,2023-01-02 20:00:00
529,105,3,88.69,2023-01-02 20:05:00
530,101,4,70.98,2023-01-02 20:10:00
531,102,2,59.54,2023-01-02 20:15:00
532,101,5,37.77,2023-01-02 20:20:00
533,103,5,34.81,2023-01-02 20:25:00
534,104,2,15.73,2023-01-02 20:30:00
535,104,3,69.8,2023-01-02 20:35:00
536,102,4,99.25,2023-01-02 20:40:00
537,105,5,85.92,2023-01-02 20:45:00
538,105,3,90.15,2023-01-02 20:50:00
539,102,3,34.19,2023-01-02 20:55:00
540,102,5,54.97,2023-01-02 21:00:00
541,105,4,99.98,2023-01-02 21:05:00
542,104,1,96.12,2023-01-02 21:10:00
543,103,2,80.8,2023-01-02 21:15:00
544,104,5,31.4,2023-01-02 21:20:00
545,105,3,97.88,2023-01-02 21:25:00
546,101,2,60.47,2023-01-02 21:30:00
547,102,3,74.45,2023-01-02 21:35:00
548,102,5,52.12,2023-01-02 21:40:00
549,104,4,71.94,2023-01-02 21:45:00
550,104,4,53.66,2023-01-02 21:50:00
551,101,5,74.08,2023-01-02 21:55:00
552,104,5,35.24,2023-01-02 22:00:00
553,104,5,20.93,2023-01-02 22:05:00
554,103,5,93.84,2023-01-02 22:10:00
555,103,3,63.59,2023-01-02 22:15:00
556,103,2,48.25,2023-01-02 22:20:00
557,103,2,15.19,2023-01-02 22:25:00
558,101,2,27.41,2023-01-02 22:30:00
559,102,3,39.27,2023-01-02 22:35:00
560,105,3,73.11,2023-01-02 22:40:00
561,101,5,23.87,2023-01-02 22:45:00
562,105,2,85.72,2023-01-02 22:50:00
563,102,3,52.74,2023-01-02 22:55:00
564,105,4,86.7,2023-01-02 23:00:00
565,104,3,28.79,2023-01-02 23:05:00
566,104,4,69.1,2023-01-02 23:10:00
567,104,2,18.56,2023-01-02 23:15:00
568,101,2,82.85,2023-01-02 23:20:00
569,105,1,39.28,2023-01-02 23:25:00
570,102,2,59.09,2023-01-02 23:30:00
571,102,1,50.69,2023-01-02 23:35:00
572,101,2,36.46,2023-01-02 23:40:00
573,102,4,51.89,2023-01-02 23:45:00
574,103,1,89.94,2023-01-02 23:50:00
575,102,3,38.41,2023-01-02 23:55:00
576,102,1,38.86,2023-01-03 00:00:00
577,105,4,65.89,2023-01-03 00:05:00
578,101,5,14.55,2023-01-03 00:10:00
579,102,2,85.64,2023-01-03 00:15:00
580,103,1,98.6,2023-01-03 00:20:00
581,104,5,93.45,2023-01-03 00:25:00
582,101,3,93.31,2023-01-03 00:30:00
583,102,4,18.18,2023-01-03 00:35:00
584,104,4,11.62,2023-01-03 00:40:00
585,104,1,15.8,2023-01-03 00:45:00
586,102,5,65.45,2023-01-03 00:50:00
587,101,3,67.57,2023-01-03 00:55:00
588,102,5,94.35,2023-01-03 01:00:00
589,103,1,47.4,2023-01-03 01:05:00
590,103,1,42.03,2023-01-03 01:10:00
591,102,2,37.31,2023-01-03 01:15:00
592,105,5,82.15,2023-01-03 01:20:00
593,104,5,94.75,2023-01-03 01:25:00
594,104,2,65.25,2023-01-03 01:30:00
595,102,3,93.67,2023-01-03 01:35:00
596,101,5,88.58,2023-01-03 01:40:00
597,105,2,96.99,2023-01-03 01:45:00
598,102,3,56.13,2023-01-03 01:50:00
599,103,2,92.02,2023-01-03 01:55:00
600,101,1,55.21,2023-01-03 02:00:00
601,103,1,88.89,2023-01-03 02:05:00
602,105,5,97.23,2023-01-03 02:10:00
603,101,3,51.24,2023-01-03 02:15:00
604,103,2,66.91,2023-01-03 02:20:00
605,105,3,25.96,2023-01-03 02:25:00
606,102,1,18.74,2023-01-03 02:30:00
607,103,3,36.82,2023-01-03 02:35:00
608,101,5,50.82,2023-01-03 02:40:00
609,101,4,31.74,2023-01-03 02:45:00
610,104,3,47.69,2023-01-03 02:50:00
611,105,2,86.26,2023-01-03 02:55:00
612,101,4,36.77,2023-01-03 03:00:00
613,104,5,14.67,2023-01-03 03:05:00
614,104,4,22.0,2023-01-03 03:10:00
615,105,4,19.15,2023-01-03 03:15:00
616,103,2,59.17,2023-01-03 03:20:00
617,101,3,48.27,2023-01-03 03:25:00
618,103,2,70.82,2023-01-03 03:30:00
619,103,3,86.7,2023-01-03 03:35:00
620,104,2,79.65,2023-01-03 03:40:00
621,104,4,60.07,2023-01-03 03:45:00
622,104,4,67.07,2023-01-03 03:50:00
623,102,2,89.39,2023-01-03 03:55:00
624,103,1,64.12,2023-01-03 04:00:00
625,104,5,68.7,2023-01-03 04:05:00
626,104,2,99.12,2023-01-03 04:10:00
627,101,1,53.25,2023-01-03 04:15:00
628,103,4,19.16,2023-01-03 04:20:00
629,105,5,60.36,2023-01-03 04:25:00
630,103,2,47.41,2023-01-03 04:30:00
631,101,3,90.38,2023-01-03 04:35:00
632,104,4,26.48,2023-01-03 04:40:00
633,102,1,21.37,2023-01-03 04:45:00
634,101,1,96.91,2023-01-03 04:50:00
635,104,3,50.22,2023-01-03 04:55:00
636,102,3,48.15,2023-01-03 05:00:00
637,105,4,59.01,2023-01-03 05:05:00
638,105,4,42.43,2023-01-03 05:10:00
639,102,3,91.33,2023-01-03 05:15:00
640,103,1,34.26,2023-01-03 05:20:00
641,104,5,59.9,2023-01-03 05:25:00
642,105,3,12.1,2023-01-03 05:30:00
643,103,4,87.05,2023-01-03 05:35:00
644,103,2,87.37,2023-01-03 05:40:00
645,104,2,87.5,2023-01-03 05:45:00
646,104,5,89.1,2023-01-03 05:50:00
647,101,2,22.04,2023-01-03 05:55:00
648,105,4,20.99,2023-01-03 06:00:00
649,104,2,69.76,2023-01-03 06:05:00
650,102,3,41.66,2023-01-03 06:10:00
651,101,1,42.36,2023-01-03 06:15:00
652,104,2,79.99,2023-01-03 06:20:00
653,104,1,60.52,2023-01-03 06:25:00
654,104,3,14.15,2023-01-03 06:30:00
655,104,2,34.53,2023-01-03 06:35:00
656,105,2,92.2,2023-01-03 06:40:00
657,101,2,29.2,2023-01-03 06:45:00
658,105,1,43.21,2023-01-03 06:50:00
659,101,1,47.22,2023-01-03 06:55:00
660,104,3,56.76,2023-01-03 07:00:00
661,104,4,40.15,2023-01-03 07:05:00
662,103,3,25.44,2023-01-03 07:10:00
663,105,3,92.08,2023-01-03 07:15:00
664,103,3,70.56,2023-01-03 07:20:00
665,101,4,70.37,2023-01-03 07:25:00
666,103,1,97.52,2023-01-03 07:30:00
667,104,1,77.6,2023-01-03 07:35:00
668,104,2,70.72,2023-01-03 07:40:00
669,104,4,92.49,2023-01-03 07:45:00
670,105,2,22.69,2023-01-03 07:50:00
671,103,5,18.76,2023-01-03 07:55:00
672,101,1,18.73,2023-01-03 08:00:00
673,101,1,67.23,2023-01-03 08:05:00
674,103,3,62.11,2023-01-03 08:10:00
675,101,1,94.3,2023-01-03 08:15:00
676,104,5,36.32,2023-01-03 08:20:00
677,103,5,46.83,2023-01-03 08:25:00
678,101,5,53.97,2023-01-03 08:30:00
679,101,5,65.77,2023-01-03 08:35:00
680,101,1,31.73,2023-01-03 08:40:00
681,103,2,33.95,2023-01-03 08:45:00
682,105,5,20.09,2023-01-03 08:50:00
683,105,1,54.41,2023-01-03 08:55:00
684,101,5,20.34,2023-01-03 09:00:00
685,104,5,92.98,2023-01-03 09:05:00
686,105,3,62.33,2023-01-03 09:10:00
687,102,5,79.4,2023-01-03 09:15:00
688,101,5,56.09,2023-01-03 09:20:00
689,101,3,45.19,2023-01-03 09:25:00
690,103,3,12.48,2023-01-03 09:30:00
691,101,1,67.27,2023-01-03 09:35:00
692,102,1,21.81,2023-01-03 09:40:00
693,101,5,71.75,2023-01-03 09:45:00
694,103,3,90.49,2023-01-03 09:50:00
695,102,2,58.3,2023-01-03 09:55:00
696,103,2,94.76,2023-01-03 10:00:00
697,101,1,12.6,2023-01-03 10:05:00
698,105,2,91.71,2023-01-03 10:10:00
699,105,2,68.28,2023-01-03 10:15:00
700,105,4,31.76,2023-01-03 10:20:00
701,104,2,45.96,2023-01-03 10:25:00
702,104,3,52.92,2023-01-03 10:30:00
703,101,1,89.5,2023-01-03 10:35:00
704,102,1,14.86,2023-01-03 10:40:00
705,103,2,40.28,2023-01-03 10:45:00
706,101,5,30.93,2023-01-03 10:50:00
707,101,3,84.0,2023-01-03 10:55:00
708,104,2,91.19,2023-01-03 11:00:00
709,104,2,39.49,2023-01-03 11:05:00
710,103,5,95.89,2023-01-03 11:10:00
711,101,3,46.02,2023-01-03 11:15:00
712,104,1,49.29,2023-01-03 11:20:00
713,102,1,83.07,2023-01-03 11:25:00
714,101,2,23.53,2023-01-03 11:30:00
715,105,4,44.46,2023-01-03 11:35:00
716,101,4,24.06,2023-01-03 11:40:00
717,105,4,28.2,2023-01-03 11:45:00
718,105,5,80.99,2023-01-03 11:50:00
719,105,5,90.26,2023-01-03 11:55:00
720,102,4,23.77,2023-01-03 12:00:00
721,102,5,79.91,2023-01-03 12:05:00
722,102,5,89.3,2023-01-03 12:10:00
723,101,1,74.05,2023-01-03 12:15:00
724,104,5,65.24,2023-01-03 12:20:00
725,105,1,69.41,2023-01-03 12:25:00
726,103,2,58.85,2023-01-03 12:30:00
727,101,3,78.82,2023-01-03 12:35:00
728,104,4,53.57,2023-01-03 12:40:00
729,104,3,89.89,2023-01-03 12:45:00
730,105,1,12.86,2023-01-03 12:50:00
731,104,5,21.34,2023-01-03 12:55:00
732,101,2,12.59,2023-01-03 13:00:00
733,105,4,88.79,2023-01-03 13:05:00
734,103,5,78.45,2023-01-03 13:10:00
735,104,1,99.84,2023-01-03 13:15:00
736,104,1,76.61,2023-01-03 13:20:00
737,102,4,79.59,2023-01-03 13:25:00
738,102,4,65.71,2023-01-03 13:30:00
739,105,3,96.1,2023-01-03 13:35:00
740,105,1,95.07,2023-01-03 13:40:00
741,102,2,57.18,2023-01-03 13:45:00
742,105,1,89.73,2023-01-03 13:50:00
743,101,3,95.29,2023-01-03 13:55:00
744,104,1,34.31,2023-01-03 14:00:00
745,102,3,19.69,2023-01-03 14:05:00
746,105,5,82.44,2023-01-03 14:10:00
747,102,2,37.49,2023-01-03 14:15:00
748,104,2,82.16,2023-01-03 14:20:00
749,103,4,22.54,2023-01-03 14:25:00
750,104,4,21.19,2023-01-03 14:30:00
751,103,3,31.11,2023-01-03 14:35:00
752,104,1,39.13,2023-01-03 14:40:00
753,105,2,98.79,2023-01-03 14:45:00
754,101,2,85.9,2023-01-03 14:50:00
755,105,4,55.09,2023-01-03 14:55:00
756,105,3,40.29,2023-01-03 15:00:00
757,101,2,87.42,2023-01-03 15:05:00
758,102,4,51.21,2023-01-03 15:10:00
759,103,2,67.79,2023-01-03 15:15:00
760,101,1,80.73,2023-01-03 15:20:00
761,101,2,91.01,2023-01-03 15:25:00
762,101,2,42.21,2023-01-03 15:30:00
763,101,2,14.88,2023-01-03 15:35:00
764,101,3,86.54,2023-01-03 15:40:00
765,104,1,45.48,2023-01-03 15:45:00
766,103,5,92.18,2023-01-03 15:50:00
767,101,4,22.48,2023-01-03 15:55:00
768,102,2,64.65,2023-01-03 16:00:00
769,102,4,21.2,2023-01-03 16:05:00
770,105,3,15.09,2023-01-03 16:10:00
771,103,4,52.13,2023-01-03 16:15:00
772,102,4,31.26,2023-01-03 16:20:00
773,102,4,92.11,2023-01-03 16:25:00
774,104,3,44.28,2023-01-03 16:30:00
775,104,4,87.45,2023-01-03 16:35:00
776,103,4,99.49,2023-01-03 16:40:00
777,105,4,83.1,2023-01-03 16:45:00
778,105,3,92.01,2023-01-03 16:50:00
779,105,3,78.51,2023-01-03 16:55:00
780,104,1,90.47,2023-01-03 17:00:00
781,105,5,13.07,2023-01-03 17:05:00
782,104,5,37.71,2023-01-03 17:10:00
783,105,4,18.49,2023-01-03 17:15:00
784,102,3,76.48,2023-01-03 17:20:00
785,104,1,61.67,2023-01-03 17:25:00
786,104,2,51.73,2023-01-03 17:30:00
787,105,1,47.73,2023-01-03 17:35:00
788,101,2,33.2,2023-01-03 17:40:00
789,103,4,54.73,2023-01-03 17:45:00
790,103,4,38.09,2023-01-03 17:50:00
791,101,2,14.21,2023-01-03 17:55:00
792,101,4,35.7,2023-01-03 18:00:00
793,105,1,42.21,2023-01-03 18:05:00
794,105,1,81.86,2023-01-03 18:10:00
795,105,1,94.12,2023-01-03 18:15:00
796,105,3,73.74,2023-01-03 18:20:00
797,102,5,22.1,2023-01-03 18:25:00
798,101,2,70.17,2023-01-03 18:30:00
799,102,4,54.13,2023-01-03 18:35:00
800,102,3,62.5,2023-01-03 18:40:00
801,104,5,56.65,2023-01-03 18:45:00
802,103,3,12.6,2023-01-03 18:50:00
803,101,4,96.97,2023-01-03 18:55:00
804,104,5,94.93,2023-01-03 19:00:00
805,102,4,93.6,2023-01-03 19:05:00
806,102,2,37.68,2023-01-03 19:10:00
807,102,1,57.27,2023-01-03 19:15:00
808,103,3,56.49,2023-01-03 19:20:00
809,103,4,63.96,2023-01-03 19:25:00
810,101,1,59.9,2023-01-03 19:30:00
811,103,3,48.78,2023-01-03 19:35:00
812,104,4,14.85,2023-01-03 19:40:00
813,101,5,53.84,2023-01-03 19:45:00
814,105,4,87.5,2023-01-03 19:50:00
815,105,3,19.0,2023-01-03 19:55:00
816,101,5,35.65,2023-01-03 20:00:00
817,101,3,41.06,2023-01-03 20:05:00
818,104,3,51.16,2023-01-03 20:10:00
819,104,2,14.33,2023-01-03 20:15:00
820,104,2,67.14,2023-01-03 20:20:00
821,102,2,74.16,2023-01-03 20:25:00
822,103,4,35.71,2023-01-03 20:30:00
823,102,4,83.67,2023-01-03 20:35:00
824,102,3,80.84,2023-01-03 20:40:00
825,101,4,78.63,2023-01-03 20:45:00
826,104,3,20.28,2023-01-03 20:50:00
827,103,5,79.01,2023-01-03 20:55:00
828,104,4,16.09,2023-01-03 21:00:00
829,104,1,62.75,2023-01-03 21:05:00
830,105,4,54.36,2023-01-03 21:10:00
831,102,4,57.58,2023-01-03 21:15:00
832,104,4,15.05,2023-01-03 21:20:00
833,103,1,63.88,2023-01-03 21:25:00
834,103,2,94.02,2023-01-03 21:30:00
835,103,5,92.1,2023-01-03 21:35:00
836,105,5,37.92,2023-01-03 21:40:00
837,102,2,50.91,2023-01-03 21:45:00
838,104,5,71.45,2023-01-03 21:50:00
839,105,5,69.74,2023-01-03 21:55:00
840,101,4,66.36,2023-01-03 22:00:00
841,104,5,21.09,2023-01-03 22:05:00
842,104,1,85.8,2023-01-03 22:10:00
843,101,3,72.11,2023-01-03 22:15:00
844,101,3,12.7,2023-01-03 22:20:00
845,104,3,30.37,2023-01-03 22:25:00
846,103,1,76.07,2023-01-03 22:30:00
847,103,2,30.54,2023-01-03 22:35:00
848,104,2,65.95,2023-01-03 22:40:00
849,101,2,54.69,2023-01-03 22:45:00
850,102,5,53.07,2023-01-03 22:50:00
851,105,4,52.49,2023-01-03 22:55:00
852,102,2,84.96,2023-01-03 23:00:00
853,101,2,85.81,2023-01-03 23:05:00
854,104,4,47.43,2023-01-03 23:10:00
855,103,5,10.55,2023-01-03 23:15:00
856,102,2,35.22,2023-01-03 23:20:00
857,105,2,26.88,2023-01-03 23:25:00
858,105,1,88.36,2023-01-03 23:30:00
859,101,1,19.66,2023-01-03 23:35:00
860,104,1,84.9,2023-01-03 23:40:00
861,104,1,86.46,2023-01-03 23:45:00
862,103,3,23.63,2023-01-03 23:50:00
863,103,2,23.19,2023-01-03 23:55:00
864,105,4,27.39,2023-01-04 00:00:00
865,103,5,98.41,2023-01-04 00:05:00
866,102,1,50.53,2023-01-04 00:10:00
867,103,2,46.22,2023-01-04 00:15:00
868,103,1,62.77,2023-01-04 00:20:00
869,104,2,26.11,2023-01-04 00:25:00
870,103,3,19.93,2023-01-04 00:30:00
871,105,1,37.4,2023-01-04 00:35:00
872,102,4,63.89,2023-01-04 00:40:00
873,103,3,67.19,2023-01-04 00:45:00
874,105,5,40.86,2023-01-04 00:50:00
875,103,3,69.32,2023-01-04 00:55:00
876,103,5,80.65,2023-01-04 01:00:00
877,104,3,68.47,2023-01-04 01:05:00
878,104,3,32.61,2023-01-04 01:10:00
879,104,1,14.12,2023-01-04 01:15:00
880,102,3,20.22,2023-01-04 01:20:00
881,105,5,85.47,2023-01-04 01:25:00
882,104,5,82.94,2023-01-04 01:30:00
883,102,3,40.52,2023-01-04 01:35:00
884,105,4,20.26,2023-01-04 01:40:00
885,102,5,14.73,2023-01-04 01:45:00
886,105,3,98.16,2023-01-04 01:50:00
887,102,2,92.54,2023-01-04 01:55:00
888,101,4,70.25,2023-01-04 02:00:00
889,103,3,95.16,2023-01-04 02:05:00
890,104,4,94.4,2023-01-04 02:10:00
891,103,1,88.16,2023-01-04 02:15:00
892,103,3,46.59,2023-01-04 02:20:00
893,105,3,74.2,2023-01-04 02:25:00
894,102,4,16.49,2023-01-04 02:30:00
895,101,5,35.31,2023-01-04 02:35:00
896,103,2,42.31,2023-01-04 02:40:00
897,105,3,38.29,2023-01-04 02:45:00
898,102,5,73.39,2023-01-04 02:50:00
899,103,1,90.29,2023-01-04 02:55:00
900,102,5,36.33,2023-01-04 03:00:00
901,103,2,11.15,2023-01-04 03:05:00
902,102,5,33.04,2023-01-04 03:10:00
903,104,4,70.77,2023-01-04 03:15:00
904,105,3,57.55,2023-01-04 03:20:00
905,104,4,24.88,2023-01-04 03:25:00
906,103,4,54.62,2023-01-04 03:30:00
907,101,5,51.52,2023-01-04 03:35:00
908,104,1,31.55,2023-01-04 03:40:00
909,101,3,63.3,2023-01-04 03:45:00
910,102,1,98.15,2023-01-04 03:50:00
911,103,2,50.63,2023-01-04 03:55:00
912,103,3,23.19,2023-01-04 04:00:00
913,103,3,80.88,2023-01-04 04:05:00
914,101,4,76.22,2023-01-04 04:10:00
915,103,5,23.69,2023-01-04 04:15:00
916,102,2,37.98,2023-01-04 04:20:00
917,103,5,12.76,2023-01-04 04:25:00
918,105,2,11.7,2023-01-04 04:30:00
919,101,5,66.88,2023-01-04 04:35:00
920,104,5,36.49,2023-01-04 04:40:00
921,102,4,53.08,2023-01-04 04:45:00
922,105,2,75.08,2023-01-04 04:50:00
923,105,1,36.78,2023-01-04 04:55:00
924,105,3,66.75,2023-01-04 05:00:00
925,101,4,14.4,2023-01-04 05:05:00
926,105,5,65.21,2023-01-04 05:10:00
927,104,2,75.11,2023-01-04 05:15:00
928,103,1,72.16,2023-01-04 05:20:00
929,101,1,20.37,2023-01-04 05:25:00
930,105,3,67.97,2023-01-04 05:30:00
931,101,4,18.43,2023-01-04 05:35:00
932,102,1,87.39,2023-01-04 05:40:00
933,105,4,61.61,2023-01-04 05:45:00
934,105,3,96.1,2023-01-04 05:50:00
935,103,4,65.9,2023-01-04 05:55:00
936,105,4,78.97,2023-01-04 06:00:00
937,104,4,39.27,2023-01-04 06:05:00
938,101,4,59.61,2023-01-04 06:10:00
939,103,3,73.67,2023-01-04 06:15:00
940,103,5,94.23,2023-01-04 06:20:00
941,103,4,11.73,2023-01-04 06:25:00
942,104,1,83.31,2023-01-04 06:30:00
943,102,4,64.85,2023-01-04 06:35:00
944,102,3,55.98,2023-01-04 06:40:00
945,103,3,95.05,2023-01-04 06:45:00
946,105,2,65.32,2023-01-04 06:50:00
947,104,2,94.72,2023-01-04 06:55:00
948,104,2,35.42,2023-01-04 07:00:00
949,101,4,45.41,2023-01-04 07:05:00
950,102,1,77.66,2023-01-04 07:10:00
951,102,1,67.68,2023-01-04 07:15:00
952,103,2,36.12,2023-01-04 07:20:00
953,101,1,97.76,2023-01-04 07:25:00
954,102,3,38.46,2023-01-04 07:30:00
955,105,1,60.96,2023-01-04 07:35:00
956,102,5,17.09,2023-01-04 07:40:00
957,103,1,18.46,2023-01-04 07:45:00
958,105,3,98.27,2023-01-04 07:50:00
959,102,2,98.66,2023-01-04 07:55:00
960,105,1,67.7,2023-01-04 08:00:00
961,105,1,66.79,2023-01-04 08:05:00
962,105,4,97.3,2023-01-04 08:10:00
963,101,5,74.88,2023-01-04 08:15:00
964,104,2,60.95,2023-01-04 08:20:00
965,103,1,96.29,2023-01-04 08:25:00
966,105,3,85.34,2023-01-04 08:30:00
967,101,3,18.12,2023-01-04 08:35:00
968,101,3,29.95,2023-01-04 08:40:00
969,104,1,98.83,2023-01-04 08:45:00
970,103,5,23.04,2023-01-04 08:50:00
971,105,2,19.25,2023-01-04 08:55:00
972,105,5,87.88,2023-01-04 09:00:00
973,104,3,87.24,2023-01-04 09:05:00
974,101,5,83.76,2023-01-04 09:10:00
975,104,1,41.93,2023-01-04 09:15:00
976,103,3,19.68,2023-01-04 09:20:00
977,102,2,33.74,2023-01-04 09:25:00
978,101,2,13.43,2023-01-04 09:30:00
979,102,5,57.31,2023-01-04 09:35:00
980,105,1,48.69,2023-01-04 09:40:00
981,103,3,12.32,2023-01-04 09:45:00
982,103,5,81.77,2023-01-04 09:50:00
983,103,5,47.16,2023-01-04 09:55:00
984,102,1,20.91,2023-01-04 10:00:00
985,103,2,46.81,2023-01-04 10:05:00
986,105,4,46.22,2023-01-04 10:10:00
987,102,4,87.59,2023-01-04 10:15:00
988,102,2,90.85,2023-01-04 10:20:00
989,101,1,99.23,2023-01-04 10:25:00
990,105,2,20.74,2023-01-04 10:30:00
991,105,4,52.53,2023-01-04 10:35:00
992,102,2,73.36,2023-01-04 10:40:00
993,102,2,25.78,2023-01-04 10:45:00
994,101,4,43.96,2023-01-04 10:50:00
995,104,1,55.98,2023-01-04 10:55:00
996,103,2,58.73,2023-01-04 11:00:00
997,101,1,43.0,2023-01-04 11:05:00
998,103,2,48.44,2023-01-04 11:10:00
999,105,3,11.1,2023-01-04 11:15:00
1000,105,4,78.47,2023-01-04 11:20:00
